Metric,co2,h2o,ts,mean_improvement
Er_mean_rel,376.083333333333,7736.58333333333,997.745,3036.80388888889
Er_rmse,15.0466666666667,9.03,14.955,13.0105555555556
Er_slope,220.343333333333,611.31,438.67,423.441111111111
Er_slope1,43.5266666666667,34.3566666666667,36.48,38.1211111111111
MAE_rel,21.0166666666667,22.8633333333333,19.87,21.25
